observation_date,MEXCPICORMINMEI
1980-01-01,0.06246145000000000
1980-02-01,0.06403271000000001
1980-03-01,0.06545388000000001
1980-04-01,0.06657960000000000
1980-05-01,0.06767099000000000
1980-06-01,0.06871035000000000
1980-07-01,0.07030145000000000
1980-08-01,0.07164851999999999
1980-09-01,0.07263752000000000
1980-10-01,0.07401613999999999
1980-11-01,0.07538904000000000
1980-12-01,0.07723480000000001
1981-01-01,0.08011372999999999
1981-02-01,0.08236106999999999
1981-03-01,0.08428761000000000
1981-04-01,0.08635002000000000
1981-05-01,0.08775210000000000
1981-06-01,0.08900639000000000
1981-07-01,0.09067335999999999
1981-08-01,0.09251773000000001
1981-09-01,0.09427222000000000
1981-10-01,0.09641450999999999
1981-11-01,0.09837124000000000
1981-12-01,0.10086550000000000
1982-01-01,0.10521050000000000
1982-02-01,0.11004949999999999
1982-03-01,0.11478139999999989
1982-04-01,0.12104520000000001
1982-05-01,0.12813900000000000
1982-06-01,0.13491700000000001
1982-07-01,0.14165169999999999
1982-08-01,0.15493170000000001
1982-09-01,0.16354489999999999
1982-10-01,0.17140000000000000
1982-11-01,0.18090090000000000
1982-12-01,0.19695330000000000
1983-01-01,0.22221990000000000
1983-02-01,0.23621129999999990
1983-03-01,0.24863879999999999
1983-04-01,0.26240580000000002
1983-05-01,0.27411869999999999
1983-06-01,0.28489379999999997
1983-07-01,0.29817899999999992
1983-08-01,0.31112979999999990
1983-09-01,0.32165809999999989
1983-10-01,0.33273150000000001
1983-11-01,0.34968139999999998
1983-12-01,0.36344140000000003
1984-01-01,0.38300429999999991
1984-02-01,0.40310869999999999
1984-03-01,0.42035390000000000
1984-04-01,0.43559389999999998
1984-05-01,0.44839250000000003
1984-06-01,0.46466910000000000
1984-07-01,0.48006859999999990
1984-08-01,0.49479730000000000
1984-09-01,0.51205749999999994
1984-10-01,0.53054540000000006
1984-11-01,0.54827819999999994
1984-12-01,0.56736430000000004
1985-01-01,0.60320220000000002
1985-02-01,0.62807760000000001
1985-03-01,0.65448839999999997
1985-04-01,0.67448999999999992
1985-05-01,0.69305799999999995
1985-06-01,0.71259730000000010
1985-07-01,0.73994059999999995
1985-08-01,0.77420740000000010
1985-09-01,0.80914399999999997
1985-10-01,0.84214100000000003
1985-11-01,0.88431939999999998
1985-12-01,0.93392560000000002
1986-01-01,1.00841500000000006
1986-02-01,1.05997300000000005
1986-03-01,1.11038199999999998
1986-04-01,1.16220799999999991
1986-05-01,1.21706300000000001
1986-06-01,1.29158200000000001
1986-07-01,1.36402500000000004
1986-08-01,1.47983299999999995
1986-09-01,1.56822200000000000
1986-10-01,1.65988599999999997
1986-11-01,1.77082700000000015
1986-12-01,1.90340599999999993
1987-01-01,2.07308800000000026
1987-02-01,2.21672400000000014
1987-03-01,2.36684199999999967
1987-04-01,2.55357700000000021
1987-05-01,2.74973499999999982
1987-06-01,2.95754500000000009
1987-07-01,3.20827900000000010
1987-08-01,3.46246500000000035
1987-09-01,3.70203399999999982
1987-10-01,4.01609800000000039
1987-11-01,4.37480699999999967
1987-12-01,5.01582600000000056
1988-01-01,5.70778799999999986
1988-02-01,6.24234000000000044
1988-03-01,6.60889400000000027
1988-04-01,6.81601899999999983
1988-05-01,6.96076499999999943
1988-06-01,7.08175899999999992
1988-07-01,7.16645500000000002
1988-08-01,7.25261699999999987
1988-09-01,7.30206199999999850
1988-10-01,7.35538600000000020
1988-11-01,7.42871000000000148
1988-12-01,7.54447799999999980
1989-01-01,7.74831199999999853
1989-02-01,7.90286400000000011
1989-03-01,8.01518200000000114
1989-04-01,8.12067899999999909
1989-05-01,8.22304699999999933
1989-06-01,8.31364299999999901
1989-07-01,8.39812700000000056
1989-08-01,8.49631699999999945
1989-09-01,8.62141199999999941
1989-10-01,8.75509800000000027
1989-11-01,8.88468999999999909
1989-12-01,9.14775099999999952
1990-01-01,9.58493600000000079
1990-02-01,9.78620599999999996
1990-03-01,9.94428100000000015
1990-04-01,10.12522000000000055
1990-05-01,10.33248999999999995
1990-06-01,10.56201000000000079
1990-07-01,10.75949999999999918
1990-08-01,10.93815999999999988
1990-09-01,11.12632999999999939
1990-10-01,11.31803000000000026
1990-11-01,11.58431000000000033
1990-12-01,11.91736000000000040
1991-01-01,12.23423999999999978
1991-02-01,12.47841999999999985
1991-03-01,12.68762000000000079
1991-04-01,12.83067999999999920
1991-05-01,12.95520999999999923
1991-06-01,13.09032999999999980
1991-07-01,13.21775000000000055
1991-08-01,13.33572000000000202
1991-09-01,13.51007000000000069
1991-10-01,13.68866000000000049
1991-11-01,13.95810999999999957
1991-12-01,14.22799999999999976
1992-01-01,14.50970000000000049
1992-02-01,14.70523999999999987
1992-03-01,14.85984000000000016
1992-04-01,15.01064000000000043
1992-05-01,15.16519000000000084
1992-06-01,15.29945999999999984
1992-07-01,15.42458000000000062
1992-08-01,15.55962000000000067
1992-09-01,15.73844000000000065
1992-10-01,15.86002999999999830
1992-11-01,15.99258999999999986
1992-12-01,16.17434000000000083
1993-01-01,16.38684999999999903
1993-02-01,16.56208999999999776
1993-03-01,16.71973999999999805
1993-04-01,16.83887000000000000
1993-05-01,16.92649000000000115
1993-06-01,17.02272999999999925
1993-07-01,17.10222000000000264
1993-08-01,17.21365000000000123
1993-09-01,17.36792000000000158
1993-10-01,17.47145000000000081
1993-11-01,17.55542000000000158
1993-12-01,17.65612999999999744
1994-01-01,17.77172999999999803
1994-02-01,17.91499999999999915
1994-03-01,18.02683999999999997
1994-04-01,18.12915999999999883
1994-05-01,18.22120999999999924
1994-06-01,18.30723000000000056
1994-07-01,18.36981000000000108
1994-08-01,18.45283999999999835
1994-09-01,18.58963999999999928
1994-10-01,18.67493999999999943
1994-11-01,18.76672999999999902
1994-12-01,18.91293999999999897
1995-01-01,19.55495000000000161
1995-02-01,20.35773000000000010
1995-03-01,21.53803999999999874
1995-04-01,23.21440000000000126
1995-05-01,24.14485000000000170
1995-06-01,24.82327000000000083
1995-07-01,25.26206000000000174
1995-08-01,25.69559999999999889
1995-09-01,26.24327000000000254
1995-10-01,26.68149999999999977
1995-11-01,27.16764999999999830
1995-12-01,27.93497999999999948
1996-01-01,28.91153999999999868
1996-02-01,29.56541999999999959
1996-03-01,30.21012999999999948
1996-04-01,30.91217999999999932
1996-05-01,31.42072000000000287
1996-06-01,31.92517999999999745
1996-07-01,32.39770999999999646
1996-08-01,32.85835999999999757
1996-09-01,33.43881999999999977
1996-10-01,33.82751999999999981
1996-11-01,34.26136999999999944
1996-12-01,35.42305000000000348
1997-01-01,36.20074000000000325
1997-02-01,36.86102999999999952
1997-03-01,37.39911000000000030
1997-04-01,37.88683999999999941
1997-05-01,38.31909999999999883
1997-06-01,38.71233000000000146
1997-07-01,39.06884000000000157
1997-08-01,39.41725999999999885
1997-09-01,39.92766999999999911
1997-10-01,40.28704000000000462
1997-11-01,40.70150000000000290
1997-12-01,41.23839999999999861
1998-01-01,42.13432000000000244
1998-02-01,42.88329000000000235
1998-03-01,43.39759999999999707
1998-04-01,43.84002000000000265
1998-05-01,44.21526000000000067
1998-06-01,44.61225000000000307
1998-07-01,44.98913000000000295
1998-08-01,45.46500999999999948
1998-09-01,46.21851999999999805
1998-10-01,46.74472999999999701
1998-11-01,47.37115000000000009
1998-12-01,48.38594000000000506
1999-01-01,49.36348000000000269
1999-02-01,50.24602000000000146
1999-03-01,51.02691000000000088
1999-04-01,51.61921999999999855
1999-05-01,52.03554000000000457
1999-06-01,52.42762000000000455
1999-07-01,52.79835999999999530
1999-08-01,53.18621000000000265
1999-09-01,53.86449999999999960
1999-10-01,54.25303000000000253
1999-11-01,54.72514999999999930
1999-12-01,55.19962000000000302
2000-01-01,55.98611999999999256
2000-02-01,56.62446999999999520
2000-03-01,56.99625000000000341
2000-04-01,57.31954999999999956
2000-05-01,57.53705000000000069
2000-06-01,57.79305999999999699
2000-07-01,58.02121000000000350
2000-08-01,58.32968000000000330
2000-09-01,58.84038999999999930
2000-10-01,59.21330999999999989
2000-11-01,59.67770000000000152
2000-12-01,60.07966999999999302
2001-01-01,60.48210000000000264
2001-02-01,60.84113000000000682
2001-03-01,61.19694000000000500
2001-04-01,61.44286999999999210
2001-05-01,61.62744000000000000
2001-06-01,61.81095999999999435
2001-07-01,61.80526999999999305
2001-08-01,62.01996999999999360
2001-09-01,62.56544000000000239
2001-10-01,62.76693000000000211
2001-11-01,62.98906999999999812
2001-12-01,63.13029000000000224
2002-01-01,62.79182999999999737
2002-02-01,62.99854000000000553
2002-03-01,63.27943000000000495
2002-04-01,63.57034999999999769
2002-05-01,63.70456999999999681
2002-06-01,63.90831000000000017
2002-07-01,64.05920000000000414
2002-08-01,64.29331999999999425
2002-09-01,64.74661999999999296
2002-10-01,64.90900999999999499
2002-11-01,65.11650000000000205
2002-12-01,65.26809000000000083
2003-01-01,65.55089999999999861
2003-02-01,65.82689999999999486
2003-03-01,66.07931999999999562
2003-04-01,66.27258000000000493
2003-05-01,66.33679999999999666
2003-06-01,66.40178000000000225
2003-07-01,66.50303000000000964
2003-08-01,66.74759000000000242
2003-09-01,67.07831999999999084
2003-10-01,67.21729000000000553
2003-11-01,67.45480999999999483
2003-12-01,67.60174999999999557
2004-01-01,67.94080999999999904
2004-02-01,68.30568999999999846
2004-03-01,68.55740000000000123
2004-04-01,68.79071000000000424
2004-05-01,68.83793000000000006
2004-06-01,68.98057000000000016
2004-07-01,69.11275999999999442
2004-08-01,69.32339000000000340
2004-09-01,69.71563000000000443
2004-10-01,69.91403000000001100
2004-11-01,70.16000999999999976
2004-12-01,70.33190000000000452
2005-01-01,70.58523999999999887
2005-02-01,70.83605000000000018
2005-03-01,71.05889000000000522
2005-04-01,71.20981999999999346
2005-05-01,71.23718999999999824
2005-06-01,71.39576999999999884
2005-07-01,71.56574000000000524
2005-08-01,71.66895999999999844
2005-09-01,71.99599000000000615
2005-10-01,72.15789999999999793
2005-11-01,72.43701000000000079
2005-12-01,72.67730999999997721
2006-01-01,72.87623999999999569
2006-02-01,73.05579000000000178
2006-03-01,73.31855999999999085
2006-04-01,73.53170000000000073
2006-05-01,73.49518000000000484
2006-06-01,73.68619999999999948
2006-07-01,73.87689000000000306
2006-08-01,74.06081999999997834
2006-09-01,74.44289000000000556
2006-10-01,74.60676999999999737
2006-11-01,74.83629999999999427
2006-12-01,75.08295999999999992
2007-01-01,75.39515000000000100
2007-02-01,75.69516999999999030
2007-03-01,75.89758000000000493
2007-04-01,75.97091999999997824
2007-05-01,75.97458000000000311
2007-06-01,76.13385999999999854
2007-07-01,76.32944000000000528
2007-08-01,76.51883999999999730
2007-09-01,76.85332999999999970
2007-10-01,77.05953000000000941
2007-11-01,77.29668999999999812
2007-12-01,77.54791999999999064
2008-01-01,77.88281999999999528
2008-02-01,78.26782000000000039
2008-03-01,78.69678000000000395
2008-04-01,78.86073000000000377
2008-05-01,78.99176999999998827
2008-06-01,79.30266999999997779
2008-07-01,79.64674000000002252
2008-08-01,80.02195000000000391
2008-09-01,80.53609000000000151
2008-10-01,80.85648000000000479
2008-11-01,81.31704000000000576
2008-12-01,81.71854000000000440
2009-01-01,82.00719999999999743
2009-02-01,82.36173000000002276
2009-03-01,82.74893000000000143
2009-04-01,83.02127000000000123
2009-05-01,83.03479000000000099
2009-06-01,83.22973000000000354
2009-07-01,83.49593000000000131
2009-08-01,83.67994000000000199
2009-09-01,83.99396999999999025
2009-10-01,84.24136000000000024
2009-11-01,84.46833000000002301
2009-12-01,84.86988999999999805
2010-01-01,85.65690999999999633
2010-02-01,86.13906000000000063
2010-03-01,86.54886999999999375
2010-04-01,86.57885999999997750
2010-05-01,86.59384000000000015
2010-06-01,86.76854000000000156
2010-07-01,86.97413000000000238
2010-08-01,87.09683000000001130
2010-09-01,87.44968000000000075
2010-10-01,87.65725999999999374
2010-11-01,87.94321999999999662
2010-12-01,88.28234000000000492
2011-01-01,88.70819000000000187
2011-02-01,89.00979999999999848
2011-03-01,89.15849000000000046
2011-04-01,89.15943000000000040
2011-05-01,89.27754000000000190
2011-06-01,89.40595999999999322
2011-07-01,89.59453000000000600
2011-08-01,89.71103000000002226
2011-09-01,89.93081999999999709
2011-10-01,90.07058999999999571
2011-11-01,90.30886999999999887
2011-12-01,90.65170999999999424
2012-01-01,90.90964999999999918
2012-02-01,91.20252999999999588
2012-03-01,91.36682000000000414
2012-04-01,91.48577000000000226
2012-05-01,91.71217000000000041
2012-06-01,91.85761999999999716
2012-07-01,92.09874999999999545
2012-08-01,92.30549999999999500
2012-09-01,92.43622000000000583
2012-10-01,92.62363999999999464
2012-11-01,92.61530999999999381
2012-12-01,92.66379999999999484
2013-01-01,93.08137999999999579
2013-02-01,93.66383000000000436
2013-03-01,93.97023000000000081
2013-04-01,94.22387999999999408
2013-05-01,94.44321999999999662
2013-06-01,94.64400999999999442
2013-07-01,94.69888000000000261
2013-08-01,94.80664000000000158
2013-09-01,95.11857999999999436
2013-10-01,95.27414000000000271
2013-11-01,95.41522999999999399
2013-12-01,95.81689000000000078
2014-01-01,96.50033000000000527
2014-02-01,96.80079999999999529
2014-03-01,97.00602000000000658
2014-04-01,97.26376000000000488
2014-05-01,97.34438000000000102
2014-06-01,97.54402000000000328
2014-07-01,97.72435000000000116
2014-08-01,97.92418999999999585
2014-09-01,98.21757999999999811
2014-10-01,98.35545999999999367
2014-11-01,98.51239999999999952
2014-12-01,98.72217000000000553
2015-01-01,98.67101999999999862
2015-02-01,99.08526999999999418
2015-03-01,99.40483000000000402
2015-04-01,99.53750999999999749
2015-05-01,99.65819999999999368
2015-06-01,99.86821000000000481
2015-07-01,100.04219999999999402
2015-08-01,100.25830000000000553
2015-09-01,100.63479999999999848
2015-10-01,100.85569999999999879
2015-11-01,100.85739999999999839
2015-12-01,101.12649999999999295
2016-01-01,101.35169999999999391
2016-02-01,101.72110000000000696
2016-03-01,102.05729999999999791
2016-04-01,102.13299999999999557
2016-05-01,102.25199999999999534
2016-06-01,102.48680000000000234
2016-07-01,102.83809999999999718
2016-08-01,103.01160000000000139
2016-09-01,103.44370000000000687
2016-10-01,103.68429999999999325
2016-11-01,103.90019999999999811
2016-12-01,104.31719999999999970
2017-01-01,104.92780000000000484
2017-02-01,105.67029999999999745
2017-03-01,106.19540000000000646
2017-04-01,106.63540000000000418
2017-05-01,107.01239999999999952
2017-06-01,107.30599999999999739
2017-07-01,107.60129999999999484
2017-08-01,107.90189999999999770
2017-09-01,108.10939999999999372
2017-10-01,108.54890000000000327
2017-11-01,108.88739999999999952
2017-12-01,109.31310000000000571
2018-01-01,109.56560000000000343
2018-02-01,110.10280000000000200
2018-03-01,110.46569999999999823
2018-04-01,110.61050000000000182
2018-05-01,110.89090000000000202
2018-06-01,111.15019999999999811
2018-07-01,111.43300000000000693
2018-08-01,111.67650000000000432
2018-09-01,111.99479999999999791
2018-10-01,112.33259999999999934
2018-11-01,112.56250000000000000
2018-12-01,113.06350000000000477
2019-01-01,113.31910000000000593
2019-02-01,113.79630000000000223
2019-03-01,114.16870000000000118
2019-04-01,114.68229999999999791
2019-05-01,114.81069999999999709
2019-06-01,115.12000000000000455
2019-07-01,115.43460000000000321
2019-08-01,115.71349999999999625
2019-09-01,116.03180000000000405
2019-10-01,116.31680000000000064
2019-11-01,116.56879999999999598
2019-12-01,117.04130000000000678
2020-01-01,117.36799999999999500
2020-02-01,117.76940000000000452
2020-03-01,118.06919999999999504
2020-04-01,118.23279999999999745
2020-05-01,118.36159999999999570
2020-06-01,118.68340000000000600
2020-07-01,119.09799999999999898
2020-08-01,119.45629999999999882
2020-09-01,119.79430000000000689
2020-10-01,120.04470000000000596
2020-11-01,119.86920000000000641
2020-12-01,120.52410000000000423
2021-01-01,120.91910000000000025
2021-02-01,121.37189999999999657
2021-03-01,121.95170000000000243
2021-04-01,122.30049999999999955
2021-05-01,122.77859999999999729
2021-06-01,123.34709999999999752
2021-07-01,123.77209999999999468
2021-08-01,124.17199999999999704
2021-09-01,124.60259999999999536
2021-10-01,125.13070000000000448
2021-11-01,125.50039999999999907
2021-12-01,126.44419999999999504
2022-01-01,127.04519999999999413
2022-02-01,127.91320000000000334
2022-03-01,128.62299999999999045
2022-04-01,129.36549999999999727
2022-05-01,129.84049999999999159
2022-06-01,130.63960000000000150
2022-07-01,131.30860000000001264
2022-08-01,132.05639999999999645
2022-09-01,132.70279999999999632
2022-10-01,133.32730000000000814
2022-11-01,133.82519999999999527
2022-12-01,134.55189999999998918
2023-01-01,135.41810000000000969
2023-02-01,136.24240000000000350
2023-03-01,136.94509999999999650
2023-04-01,137.43090000000000828
2023-05-01,137.78110000000000923
2023-06-01,138.12100000000000932
2023-07-01,138.65020000000001232
2023-08-01,139.04879999999999995
2023-09-01,139.55760000000000787
2023-10-01,140.02760000000000673
2023-11-01,140.27680000000000859
2023-12-01,140.89470000000000027
2024-01-01,141.48550000000000182
2024-02-01,142.26210000000000377
2024-03-01,142.90149999999999864
2024-04-01,143.15870000000001028
2024-05-01,143.36930000000000973
2024-06-01,143.72880000000000678
2024-07-01,144.23759999999998627
