observation_date,MEXCPIHOUMINMEI
1980-01-01,0.0857910852894856
1980-02-01,0.0889049034473595
1980-03-01,0.0913475939265763
1980-04-01,0.0935209150296389
1980-05-01,0.0956261285347533
1980-06-01,0.0976678259653769
1980-07-01,0.1001908681050940
1980-08-01,0.1021789977620510
1980-09-01,0.1040408605239350
1980-10-01,0.1060948020171110
1980-11-01,0.1084158171247130
1980-12-01,0.1110505863352210
1981-01-01,0.1139631427148890
1981-02-01,0.1168504457155420
1981-03-01,0.1193252768589590
1981-04-01,0.1225064373608720
1981-05-01,0.1256156639952880
1981-06-01,0.1282848696317260
1981-07-01,0.1308951507171290
1981-08-01,0.1340066731132750
1981-09-01,0.1373462411744600
1981-10-01,0.1404768949183430
1981-11-01,0.1437560079206750
1981-12-01,0.1480529086226810
1982-01-01,0.1521883407497760
1982-02-01,0.1583846016552330
1982-03-01,0.1654876884434820
1982-04-01,0.1726864319704220
1982-05-01,0.1816452594892790
1982-06-01,0.1890330207318720
1982-07-01,0.1998552415204330
1982-08-01,0.2119232956737060
1982-09-01,0.2222572844679870
1982-10-01,0.2335815118211980
1982-11-01,0.2447480968690460
1982-12-01,0.2563386325827740
1983-01-01,0.2702226342633600
1983-02-01,0.2821139147635320
1983-03-01,0.2945515865551080
1983-04-01,0.3072639845002050
1983-05-01,0.3192019454888590
1983-06-01,0.3301932873914250
1983-07-01,0.3415297588071880
1983-08-01,0.3526542548900130
1983-09-01,0.3640902093140150
1983-10-01,0.3746553047889740
1983-11-01,0.3887405682477660
1983-12-01,0.4018164617998890
1984-01-01,0.4172692339950100
1984-02-01,0.4353100949121580
1984-03-01,0.4489415628025990
1984-04-01,0.4596757793915630
1984-05-01,0.4715509895596360
1984-06-01,0.4837904605886440
1984-07-01,0.4971701599428500
1984-08-01,0.5101259086311770
1984-09-01,0.5235346876339459
1984-10-01,0.5366740972605600
1984-11-01,0.5511335698811120
1984-12-01,0.5673952154586051
1985-01-01,0.5892768857476790
1985-02-01,0.6111585560367540
1985-03-01,0.6339914369353730
1985-04-01,0.6532536430921290
1985-05-01,0.6728456736838920
1985-06-01,0.6918170833550280
1985-07-01,0.7188894709124380
1985-08-01,0.7453098621389290
1985-09-01,0.7738492414409061
1985-10-01,0.8024406580087320
1985-11-01,0.8480421384775700
1985-12-01,0.8831642319093160
1986-01-01,0.9278772525891900
1986-02-01,0.9729774917472860
1986-03-01,1.0104412621421901
1986-04-01,1.0497003182088500
1986-05-01,1.0877847095243900
1986-06-01,1.1382118811467099
1986-07-01,1.1796855820275500
1986-08-01,1.2248906609712500
1986-09-01,1.2796859019091700
1986-10-01,1.3408166799640799
1986-11-01,1.3996639403529600
1986-12-01,1.4977733178241399
1987-01-01,1.5841513528622300
1987-02-01,1.6418813425431900
1987-03-01,1.7359517098798800
1987-04-01,1.8267421989603101
1987-05-01,1.9139260463651400
1987-06-01,2.0118670679762198
1987-07-01,2.1015311033018298
1987-08-01,2.2196939594722198
1987-09-01,2.3415484005021701
1987-10-01,2.4749069035540798
1987-11-01,2.6736594141908800
1987-12-01,2.9086543499829700
1988-01-01,3.1246442049319199
1988-02-01,3.3891213128425299
1988-03-01,3.7575627558861298
1988-04-01,4.0908966453222604
1988-05-01,4.4727177877200708
1988-06-01,4.7970675962583300
1988-07-01,5.1464679915250198
1988-08-01,5.4706716365665597
1988-09-01,5.7938138744355907
1988-10-01,6.1324310768631101
1988-11-01,6.4219258655840497
1988-12-01,6.7628235246619601
1989-01-01,7.1839197934585295
1989-02-01,7.5625957422881696
1989-03-01,7.8481318725351201
1989-04-01,8.0825329712934213
1989-05-01,8.3710512960258008
1989-06-01,8.6380315494744799
1989-07-01,8.9326053283929703
1989-08-01,9.2253057657409290
1989-09-01,9.5743755713187095
1989-10-01,9.8908838230460194
1989-11-01,10.2175232712815998
1989-12-01,10.5820228914371999
1990-01-01,10.9919388006155998
1990-02-01,11.3408218842394000
1990-03-01,11.6994037959126000
1990-04-01,12.1035703524687008
1990-05-01,12.4770272696353004
1990-06-01,12.8684653579142001
1990-07-01,13.2923976576994995
1990-08-01,13.6922321118737003
1990-09-01,14.0902659235987997
1990-10-01,14.4794671747000994
1990-11-01,14.8980587674506992
1990-12-01,15.3718412374105995
1991-01-01,15.8528285729285994
1991-02-01,16.2661552187817016
1991-03-01,16.6147038864470993
1991-04-01,16.8784754302531006
1991-05-01,17.1105539833959988
1991-06-01,17.3181352283870993
1991-07-01,17.5330437795618010
1991-08-01,17.7245095424720986
1991-09-01,17.9461538585585991
1991-10-01,18.1871445587317986
1991-11-01,18.4517861962330016
1991-12-01,18.8498460265909991
1992-01-01,19.3233721364910984
1992-02-01,19.6640761863299005
1992-03-01,19.9149164695726988
1992-04-01,20.1138296835305006
1992-05-01,20.3280770553275012
1992-06-01,20.5449745014131011
1992-07-01,20.7551981681538003
1992-08-01,20.9571088816752003
1992-09-01,21.1325907861771007
1992-10-01,21.2792532284462013
1992-11-01,21.4300549291119005
1992-12-01,21.5866870993143003
1993-01-01,21.7986410051444004
1993-02-01,22.0143270542913001
1993-03-01,22.1976007740999997
1993-04-01,22.3547173500272010
1993-05-01,22.4893147991585991
1993-06-01,22.6154278781950993
1993-07-01,22.7555780096939984
1993-08-01,22.8695419176628008
1993-09-01,22.9678112332011004
1993-10-01,23.0905518382582997
1993-11-01,23.2026508224495984
1993-12-01,23.3671467418262999
1994-01-01,23.5563902073832985
1994-02-01,23.7426905064042018
1994-03-01,23.8838844442358003
1994-04-01,24.0176439403362991
1994-05-01,24.1503221326625983
1994-06-01,24.2822549676811015
1994-07-01,24.4038063681629005
1994-08-01,24.5129606553103017
1994-09-01,24.6152460233657990
1994-10-01,24.7183601614053003
1994-11-01,24.8135722875749991
1994-12-01,24.9855830003433006
1995-01-01,25.6595711981141008
1995-02-01,26.6461885755448016
1995-03-01,27.6461741735211000
1995-04-01,29.4927685894023988
1995-05-01,30.7453025173476000
1995-06-01,31.7581711648908005
1995-07-01,32.4399794923631006
1995-08-01,32.9664665295800035
1995-09-01,33.4297558379323974
1995-10-01,33.8864823287565997
1995-11-01,34.3879333190693970
1995-12-01,35.3684738152045028
1996-01-01,36.3577642245412989
1996-02-01,37.1820107927020018
1996-03-01,37.8976058455339029
1996-04-01,38.7388678343731030
1996-05-01,39.3620959750708934
1996-06-01,39.9014660618547978
1996-07-01,40.5803580066777982
1996-08-01,41.1117067019820013
1996-09-01,41.5706202884796951
1996-10-01,41.9658509751340958
1996-11-01,42.3744491170803030
1996-12-01,43.4009293359123021
1997-01-01,44.2419479740081982
1997-02-01,45.0287621471844020
1997-03-01,45.5951127910564011
1997-04-01,46.0618051835444930
1997-05-01,46.5897507947129981
1997-06-01,47.0933896459530033
1997-07-01,47.5625124848577983
1997-08-01,47.9810772937215972
1997-09-01,48.4132536738742019
1997-10-01,48.8422703206343982
1997-11-01,49.4832431689863981
1997-12-01,50.3317972623295020
1998-01-01,51.2773350446427969
1998-02-01,52.0092154659233969
1998-03-01,52.6608835029149986
1998-04-01,53.2918904496032013
1998-05-01,53.8470599686031051
1998-06-01,54.3628518171804984
1998-07-01,54.8562821812674031
1998-08-01,55.3725607313311983
1998-09-01,56.1486797158678002
1998-10-01,56.9021930999168930
1998-11-01,57.4991707357562021
1998-12-01,58.3557454553249997
1999-01-01,59.1607895071339058
1999-02-01,59.9432287237092964
1999-03-01,60.8848774856543997
1999-04-01,61.4490402685991057
1999-05-01,62.0409136608617970
1999-06-01,62.6673023002060035
1999-07-01,63.1631623454558024
1999-08-01,63.6488146688063026
1999-09-01,64.1201253686383978
1999-10-01,64.5394186992241004
1999-11-01,64.8831187181187090
1999-12-01,65.3794654648549027
2000-01-01,66.0112016985189030
2000-02-01,66.5780382786235094
2000-03-01,66.9766712841598064
2000-04-01,67.4188135659761940
2000-05-01,67.7992166928795967
2000-06-01,68.1584720279932981
2000-07-01,68.4153960798168015
2000-08-01,68.6076638288243004
2000-09-01,68.8162169462804059
2000-10-01,69.1302618456730045
2000-11-01,69.4314244607524955
2000-12-01,69.7812005956887020
2001-01-01,70.2799777888416060
2001-02-01,70.6854169626491995
2001-03-01,71.0840499681853970
2001-04-01,71.4330968161460049
2001-05-01,71.7274532629541000
2001-06-01,71.9919120047708958
2001-07-01,72.3040131592332926
2001-08-01,72.5876744174018995
2001-09-01,72.9544652077625955
2001-10-01,73.2677808201793965
2001-11-01,73.5030719092343929
2001-12-01,73.7510019318592924
2002-01-01,74.1627613377056889
2002-02-01,74.8270683082671013
2002-03-01,75.2281317602199948
2002-04-01,75.6447520588996980
2002-05-01,76.0353636729563078
2002-06-01,76.4269479247319055
2002-07-01,76.7775652283791032
2002-08-01,77.1211795707484953
2002-09-01,77.4842752706063038
2002-10-01,77.7998321555912895
2002-11-01,78.0837962995345976
2002-12-01,78.3221131901564007
2003-01-01,78.6825514375751993
2003-02-01,79.1020819329638130
2003-03-01,79.5081574711164052
2003-04-01,79.8016285341633989
2003-05-01,80.0804399812020051
2003-06-01,80.3533960138148018
2003-07-01,80.5344397232952929
2003-08-01,80.7816633561348993
2003-09-01,81.0275614381933025
2003-10-01,81.3103571548284947
2003-11-01,81.4948268320739970
2003-12-01,81.6976879715982136
2004-01-01,81.9157147335074995
2004-02-01,82.3225096951955067
2004-03-01,82.8334638014339077
2004-04-01,83.2534699399150071
2004-05-01,83.5640392230913989
2004-06-01,83.7754676107612966
2004-07-01,83.9561825242699058
2004-08-01,84.1011392011571104
2004-09-01,84.3105308668281879
2004-10-01,84.4482006998975976
2004-11-01,84.5991146259264042
2004-12-01,84.7281959447819020
2005-01-01,84.9232685748239930
2005-02-01,85.2112865017227961
2005-03-01,85.3354048736801900
2005-04-01,85.5007975239356028
2005-05-01,85.6175036215009868
2005-06-01,85.7493952742465950
2005-07-01,85.9315812086537960
2005-08-01,86.0599016634755003
2005-09-01,86.2850361701328978
2005-10-01,86.5347504038001887
2005-11-01,86.7161102436564022
2005-12-01,86.8469595160160992
2006-01-01,87.0881541225752898
2006-02-01,87.4140063252063015
2006-03-01,87.7918754371414138
2006-04-01,88.1622481185011111
2006-05-01,88.5665218092263018
2006-06-01,88.9493491987470151
2006-07-01,89.1851407535041858
2006-08-01,89.3335812312100899
2006-09-01,89.4862703592268929
2006-10-01,89.6004608688795088
2006-11-01,89.7167237719764898
2006-12-01,89.9355049783887068
2007-01-01,90.2117576345579977
2007-02-01,90.5315162253590984
2007-03-01,90.7885689266891944
2007-04-01,91.0219509229300030
2007-05-01,91.2055052553863987
2007-06-01,91.3721057859143997
2007-07-01,91.5599331938948069
2007-08-01,91.7848748028499983
2007-09-01,92.0282887548691093
2007-10-01,92.1503272748385882
2007-11-01,92.3147835654699946
2007-12-01,92.4593296707687955
2008-01-01,92.9420204322987047
2008-02-01,93.5775047933361890
2008-03-01,93.8839961576248925
2008-04-01,94.2479294860500971
2008-05-01,94.6077480856936006
2008-06-01,94.8551278683422083
2008-07-01,95.1113561044996061
2008-08-01,95.2951628814632983
2008-09-01,95.4859798341267947
2008-10-01,95.8519863439531008
2008-11-01,96.1639029313830065
2008-12-01,96.2615146993286146
2009-01-01,96.4999750989993856
2009-02-01,96.9160994336516950
2009-03-01,97.2305891176702062
2009-04-01,97.3295200574268051
2009-05-01,97.4100378159985922
2009-06-01,97.5205325188879044
2009-07-01,97.6521602172441021
2009-08-01,97.7982965140329981
2009-09-01,98.0009515919819023
2009-10-01,98.0891527397922971
2009-11-01,98.1969801086416965
2009-12-01,98.4673579041552927
2010-01-01,98.9171237829793881
2010-02-01,99.2671450102857875
2010-03-01,99.4651217001367058
2010-04-01,99.5656139557274997
2010-05-01,99.7486114649919955
2010-06-01,99.9937642138937974
2010-07-01,100.1479722868670024
2010-08-01,100.2927964589499936
2010-09-01,100.4382369686209984
2010-10-01,100.5629786440239997
2010-11-01,100.7069290414190021
2010-12-01,100.8937064721030055
2011-01-01,101.0726582506689937
2011-02-01,101.2518041190260050
2011-03-01,101.4510879635940057
2011-04-01,101.6250830644210055
2011-05-01,101.8062854626549978
2011-06-01,101.9974570758199945
2011-07-01,102.1110359806099979
2011-08-01,102.2145318159579972
2011-09-01,102.3725649503909949
2011-10-01,102.5283615720099988
2011-11-01,102.6800352533730063
2011-12-01,102.8259004922689996
2012-01-01,102.9777778705179969
2012-02-01,103.1598954451360015
2012-03-01,103.3520976253240065
2012-04-01,103.5208624748679966
2012-05-01,103.6955254812150002
2012-06-01,103.8818320333670044
2012-07-01,104.0437054970380046
2012-08-01,104.1836890548690064
2012-09-01,104.3778016186609960
2012-10-01,104.5356704414279960
2012-11-01,104.7121169134399992
2012-12-01,104.8826506577519950
2013-01-01,105.0811744881490029
2013-02-01,105.2852609973730011
2013-03-01,105.4611099857900030
2013-04-01,105.6360531867569961
2013-05-01,105.8501386012909933
2013-06-01,106.1140768481340046
2013-07-01,106.3026181983709932
2013-08-01,106.5055651632870024
2013-09-01,106.6384863499740021
2013-10-01,106.7707725110760038
2013-11-01,106.9467079573919932
2013-12-01,107.1066930219709974
2014-01-01,107.2589796833480023
2014-02-01,107.4412330970910006
2014-03-01,107.5953759366639986
2014-04-01,107.7570947949530051
2014-05-01,107.9471690220120053
2014-06-01,108.1456360328219972
2014-07-01,108.2839627776550060
2014-08-01,108.4668268917049971
2014-09-01,108.6659972928549962
2014-10-01,108.8311696312370032
2014-11-01,109.0140598319420064
2014-12-01,109.2112035701239989
2015-01-01,109.3839837693600003
2015-02-01,109.5687580419340037
2015-03-01,109.7510008776680053
2015-04-01,109.9763967900940003
2015-05-01,110.1423979815500047
2015-06-01,110.3313114484869999
2015-07-01,110.4898624789710055
2015-08-01,110.6589365034400032
2015-09-01,110.8246914449480016
2015-10-01,110.9447949059139944
2015-11-01,111.1188408299729957
2015-12-01,111.3220318457660056
2016-01-01,111.5293211019610027
2016-02-01,111.7704646363959995
2016-03-01,112.0028103230190055
2016-04-01,112.2053857692930023
2016-05-01,112.4256610644980015
2016-06-01,112.6373686036759949
2016-07-01,112.8382830549620053
2016-08-01,113.0103143745599965
2016-09-01,113.1650939374789999
2016-10-01,113.3475359969520042
2016-11-01,113.5555842799840036
2016-12-01,113.8067620148100048
2017-01-01,114.0866840369180011
2017-02-01,114.3513290985320054
2017-03-01,114.5978142081099946
2017-04-01,114.8103679839749987
2017-05-01,115.0372120594540064
2017-06-01,115.2493837942599981
2017-07-01,115.4515224175009962
2017-08-01,115.6925984416780011
2017-09-01,115.8607962984080046
2017-10-01,116.0870537974279983
2017-11-01,116.3292907839900039
2017-12-01,116.5413008428020021
2018-01-01,116.8020760427630051
2018-02-01,117.0373260801119955
2018-03-01,117.2861502513380003
2018-04-01,117.5245741023040011
2018-05-01,117.7759986839420066
