observation_date,MEXCP040100IXOBM
1980-01-01,0.07535158000000000
1980-02-01,0.07808639999999990
1980-03-01,0.08023197999999999
1980-04-01,0.08214059000000000
1980-05-01,0.08398942000000000
1980-06-01,0.08578274000000000
1980-07-01,0.08799878000000000
1980-08-01,0.08974513000000001
1980-09-01,0.09138047000000001
1980-10-01,0.09318447000000001
1980-11-01,0.09522331000000001
1980-12-01,0.09753755000000000
1981-01-01,0.10009520000000000
1981-02-01,0.10263139999999990
1981-03-01,0.10480480000000000
1981-04-01,0.10759940000000000
1981-05-01,0.11032989999999999
1981-06-01,0.11267400000000000
1981-07-01,0.11496689999999990
1981-08-01,0.11769960000000000
1981-09-01,0.12063299999999989
1981-10-01,0.12338270000000000
1981-11-01,0.12626270000000001
1981-12-01,0.13003719999999999
1982-01-01,0.13366919999999999
1982-02-01,0.13911170000000000
1982-03-01,0.14535029999999999
1982-04-01,0.15167300000000000
1982-05-01,0.15954119999999999
1982-06-01,0.16603029999999999
1982-07-01,0.17553579999999999
1982-08-01,0.18613489999999999
1982-09-01,0.19521150000000001
1982-10-01,0.20515810000000001
1982-11-01,0.21496579999999990
1982-12-01,0.22514550000000000
1983-01-01,0.23734009999999989
1983-02-01,0.24778449999999999
1983-03-01,0.25870900000000002
1983-04-01,0.26987390000000000
1983-05-01,0.28035929999999998
1983-06-01,0.29001339999999998
1983-07-01,0.29997009999999991
1983-08-01,0.30974079999999998
1983-09-01,0.31978570000000001
1983-10-01,0.32906510000000000
1983-11-01,0.34143609999999991
1983-12-01,0.35292079999999998
1984-01-01,0.36649299999999990
1984-02-01,0.38233859999999997
1984-03-01,0.39431129999999998
1984-04-01,0.40373969999999998
1984-05-01,0.41416959999999992
1984-06-01,0.42491990000000007
1984-07-01,0.43667170000000000
1984-08-01,0.44805079999999992
1984-09-01,0.45982760000000000
1984-10-01,0.47136850000000002
1984-11-01,0.48406800000000000
1984-12-01,0.49835140000000000
1985-01-01,0.51756980000000008
1985-02-01,0.53678870000000001
1985-03-01,0.55684359999999999
1985-04-01,0.57376190000000005
1985-05-01,0.59096969999999993
1985-06-01,0.60763280000000008
1985-07-01,0.63141059999999993
1985-08-01,0.65461619999999998
1985-09-01,0.67968260000000003
1985-10-01,0.70479480000000005
1985-11-01,0.74484740000000005
1985-12-01,0.77569540000000003
1986-01-01,0.81496740000000001
1986-02-01,0.85457929999999993
1986-03-01,0.88748430000000011
1986-04-01,0.92196599999999995
1986-05-01,0.95541640000000005
1986-06-01,0.99970700000000001
1986-07-01,1.03613400000000011
1986-08-01,1.07583799999999985
1986-09-01,1.12396600000000002
1986-10-01,1.17765800000000009
1986-11-01,1.22934399999999999
1986-12-01,1.31551499999999999
1987-01-01,1.39138199999999990
1987-02-01,1.44208699999999990
1987-03-01,1.52471099999999993
1987-04-01,1.60445299999999991
1987-05-01,1.68102700000000005
1987-06-01,1.76705000000000001
1987-07-01,1.84580400000000000
1987-08-01,1.94958800000000010
1987-09-01,2.05661399999999972
1987-10-01,2.17374500000000026
1987-11-01,2.34831199999999995
1987-12-01,2.55471100000000018
1988-01-01,2.74441800000000002
1988-02-01,2.97671200000000002
1988-03-01,3.30031900000000045
1988-04-01,3.59309100000000026
1988-05-01,3.92845000000000022
1988-06-01,4.21333100000000016
1988-07-01,4.52021400000000018
1988-08-01,4.80496699999999954
1988-09-01,5.08878699999999995
1988-10-01,5.38619899999999951
1988-11-01,5.64046599999999998
1988-12-01,5.93988099999999974
1989-01-01,6.30973600000000001
1989-02-01,6.64233299999999982
1989-03-01,6.89312299999999922
1989-04-01,7.09900000000000020
1989-05-01,7.35241000000000167
1989-06-01,7.58690300000000040
1989-07-01,7.84563100000000002
1989-08-01,8.10271400000000064
1989-09-01,8.40930700000000009
1989-10-01,8.68730000000000047
1989-11-01,8.97419299999999964
1989-12-01,9.29433700000000051
1990-01-01,9.65437099999999937
1990-02-01,9.96080100000000002
1990-03-01,10.27575000000000038
1990-04-01,10.63072999999999979
1990-05-01,10.95875000000000021
1990-06-01,11.30255000000000010
1990-07-01,11.67489999999999917
1990-08-01,12.02608000000000033
1990-09-01,12.37567999999999913
1990-10-01,12.71752000000000038
1990-11-01,13.08516999999999975
1990-12-01,13.50130000000000052
1991-01-01,13.92375999999999969
1991-02-01,14.28678999999999988
1991-03-01,14.59293000000000085
1991-04-01,14.82460000000000022
1991-05-01,15.02843999999999980
1991-06-01,15.21076000000000050
1991-07-01,15.39952000000000076
1991-08-01,15.56767999999999930
1991-09-01,15.76235999999999926
1991-10-01,15.97401999999999944
1991-11-01,16.20645999999999987
1991-12-01,16.55607999999999791
1992-01-01,16.97197999999999851
1992-02-01,17.27122999999999919
1992-03-01,17.49155000000000015
1992-04-01,17.66626000000000118
1992-05-01,17.85442999999999714
1992-06-01,18.04494000000000042
1992-07-01,18.22957999999999856
1992-08-01,18.40691999999999950
1992-09-01,18.56105000000000160
1992-10-01,18.68985999999999947
1992-11-01,18.82231000000000165
1992-12-01,18.95989000000000146
1993-01-01,19.14604999999999890
1993-02-01,19.33549000000000007
1993-03-01,19.49645999999999901
1993-04-01,19.63446000000000069
1993-05-01,19.75268000000000157
1993-06-01,19.86344000000000065
1993-07-01,19.98654000000000153
1993-08-01,20.08663999999999916
1993-09-01,20.17295000000000016
1993-10-01,20.28075000000000117
1993-11-01,20.37921000000000049
1993-12-01,20.52368999999999843
1994-01-01,20.68990000000000151
1994-02-01,20.85352999999999923
1994-03-01,20.97755000000000081
1994-04-01,21.09503000000000128
1994-05-01,21.21155999999999864
1994-06-01,21.32743999999999929
1994-07-01,21.43420000000000059
1994-08-01,21.53006999999999849
1994-09-01,21.61991000000000085
1994-10-01,21.71048000000000044
1994-11-01,21.79410000000000025
1994-12-01,21.94518000000000058
1995-01-01,22.53716000000000008
1995-02-01,23.40371999999999986
1995-03-01,24.21369999999999933
1995-04-01,25.15221000000000018
1995-05-01,26.53349000000000402
1995-06-01,27.72241999999999962
1995-07-01,28.61779999999999902
1995-08-01,29.27130000000000010
1995-09-01,29.84345000000000070
1995-10-01,30.39937999999999718
1995-11-01,30.89532000000000167
1995-12-01,31.54625999999999664
1996-01-01,32.20636999999999972
1996-02-01,32.81652000000000413
1996-03-01,33.39977999999999980
1996-04-01,33.96830999999999534
1996-05-01,34.56587000000000387
1996-06-01,35.13631999999999778
1996-07-01,35.73324000000000211
1996-08-01,36.33207999999999771
1996-09-01,36.90785999999999945
1996-10-01,37.38714999999999833
1996-11-01,37.85896999999999935
1996-12-01,38.48299999999999699
1997-01-01,39.27078000000000202
1997-02-01,39.97059999999999746
1997-03-01,40.58673999999999893
1997-04-01,41.10551999999999850
1997-05-01,41.64949000000000012
1997-06-01,42.22677000000000191
1997-07-01,42.72377999999999787
1997-08-01,43.14180000000000348
1997-09-01,43.55960000000000321
1997-10-01,43.96757999999999811
1997-11-01,44.47035000000000338
1997-12-01,45.13622999999999763
1998-01-01,45.79527000000000214
1998-02-01,46.48848000000000269
1998-03-01,47.11229999999999762
1998-04-01,47.64795000000000158
1998-05-01,48.20365999999999929
1998-06-01,48.76791999999999661
1998-07-01,49.25959000000000287
1998-08-01,49.80996999999999986
1998-09-01,50.45662999999999698
1998-10-01,51.06571999999999889
1998-11-01,51.59282999999999930
1998-12-01,52.26809999999999690
1999-01-01,52.91818000000000666
1999-02-01,53.58319999999999794
1999-03-01,54.18716999999999473
1999-04-01,54.74394999999999811
1999-05-01,55.38229000000000468
1999-06-01,56.03791999999999263
1999-07-01,56.52296999999999372
1999-08-01,57.00865999999999900
1999-09-01,57.48069000000000273
1999-10-01,57.96573999999999671
1999-11-01,58.32163000000000608
1999-12-01,58.71083000000000141
2000-01-01,59.19609000000000520
2000-02-01,59.62115000000000009
2000-03-01,59.94010999999999711
2000-04-01,60.27720999999999663
2000-05-01,60.61239000000000487
2000-06-01,60.94053000000000253
2000-07-01,61.19223000000000212
2000-08-01,61.39034999999999798
2000-09-01,61.60149000000000541
2000-10-01,61.88265999999999423
2000-11-01,62.14439999999999742
2000-12-01,62.39418000000000575
2001-01-01,62.73490999999999929
2001-02-01,63.09379000000000559
2001-03-01,63.42256999999999323
2001-04-01,63.70009999999999906
2001-05-01,64.00539000000000556
2001-06-01,64.28933999999999571
2001-07-01,64.57434999999999548
2001-08-01,64.87408999999999537
2001-09-01,65.22678000000000509
2001-10-01,65.55469999999999686
2001-11-01,65.83885999999999683
2001-12-01,66.15568000000000382
2002-01-01,66.55875000000000341
2002-02-01,67.25793000000000177
2002-03-01,67.71523000000000536
2002-04-01,68.23935000000000173
2002-05-01,68.64669000000000665
2002-06-01,69.07900999999999669
2002-07-01,69.45506000000000313
2002-08-01,69.81360999999999706
2002-09-01,70.20884999999999820
2002-10-01,70.53936000000000206
2002-11-01,70.82904000000000622
2002-12-01,71.05953000000000941
2003-01-01,71.38486000000000331
2003-02-01,71.69114999999999327
2003-03-01,71.99882999999999811
2003-04-01,72.26288999999999874
2003-05-01,72.52799000000000262
2003-06-01,72.82735999999999876
2003-07-01,73.07170000000000698
2003-08-01,73.35965000000000202
2003-09-01,73.63236999999999455
2003-10-01,73.88604999999999734
2003-11-01,74.09578000000000486
2003-12-01,74.28578000000000259
2004-01-01,74.42768000000000939
2004-02-01,74.67893999999999721
2004-03-01,74.91289999999999338
2004-04-01,75.17766000000000304
2004-05-01,75.45902999999999849
2004-06-01,75.70614000000000487
2004-07-01,75.95359000000000549
2004-08-01,76.13770999999999844
2004-09-01,76.35298000000000229
2004-10-01,76.49868000000002155
2004-11-01,76.65823000000000320
2004-12-01,76.79044000000000381
2005-01-01,76.97663000000000011
2005-02-01,77.18774999999999409
2005-03-01,77.37151999999998964
2005-04-01,77.58990000000000009
2005-05-01,77.75187999999999988
2005-06-01,77.96609999999999729
2005-07-01,78.17583000000000482
2005-08-01,78.35371999999999559
2005-09-01,78.55790999999997837
2005-10-01,78.77733999999999526
2005-11-01,78.96595999999999549
2005-12-01,79.10611999999999000
2006-01-01,79.30546999999999969
2006-02-01,79.49133000000000493
2006-03-01,79.75608000000001141
2006-04-01,80.04368999999999801
2006-05-01,80.27105999999997721
2006-06-01,80.54309000000000651
2006-07-01,80.71058999999999628
2006-08-01,80.90059999999999718
2006-09-01,81.12451999999998975
2006-10-01,81.29030000000000200
2006-11-01,81.45953000000000088
2006-12-01,81.62739000000000544
2007-01-01,81.85372999999999877
2007-02-01,82.07004000000000588
2007-03-01,82.32026000000000465
2007-04-01,82.53898999999999830
2007-05-01,82.72726000000000113
2007-06-01,82.92591999999999075
2007-07-01,83.11627000000000010
2007-08-01,83.32911999999998898
2007-09-01,83.52223000000002173
2007-10-01,83.65028000000000930
2007-11-01,83.83751999999999782
2007-12-01,84.00190999999999519
2008-01-01,84.22445000000000448
2008-02-01,84.46878999999999849
2008-03-01,84.71209000000000344
2008-04-01,84.91731999999998948
2008-05-01,85.10420999999999481
2008-06-01,85.31947999999999865
2008-07-01,85.50983000000002221
2008-08-01,85.72266999999999371
2008-09-01,85.99850000000000705
2008-10-01,86.41034999999999400
2008-11-01,86.68930000000000291
2008-12-01,86.92810000000000059
2009-01-01,87.17452000000000112
2009-02-01,87.52373000000000047
2009-03-01,87.84801000000000215
2009-04-01,87.93314999999999770
2009-05-01,88.11760999999999910
2009-06-01,88.32560999999999751
2009-07-01,88.49450999999997691
2009-08-01,88.61287000000000091
2009-09-01,88.79803000000001134
2009-10-01,88.95064999999999600
2009-11-01,89.11296999999999002
2009-12-01,89.26733000000000118
2010-01-01,89.43448999999999671
2010-02-01,89.64318000000000097
2010-03-01,89.83422000000000196
2010-04-01,89.99030999999999381
2010-05-01,90.21041999999999916
2010-06-01,90.41841999999999757
2010-07-01,90.58974000000000615
2010-08-01,90.75552000000000419
2010-09-01,90.91852000000000089
2010-10-01,91.00781000000000631
2010-11-01,91.13551999999999964
2010-12-01,91.28018000000000143
2011-01-01,91.43139999999999645
2011-02-01,91.60056000000000154
2011-03-01,91.78894999999999982
2011-04-01,91.95099999999999341
2011-05-01,92.11829000000000178
2011-06-01,92.29122999999999877
2011-07-01,92.37206999999999368
2011-08-01,92.45041000000000508
2011-09-01,92.59440999999999633
2011-10-01,92.73125000000000284
2011-11-01,92.86552000000000362
2011-12-01,92.99447999999999581
2012-01-01,93.12930000000000064
2012-02-01,93.28929999999999723
2012-03-01,93.46957999999999345
2012-04-01,93.61525000000000318
2012-05-01,93.76214000000000226
2012-06-01,93.91733999999999583
2012-07-01,94.05759000000000469
2012-08-01,94.17332000000000392
2012-09-01,94.36117000000000132
2012-10-01,94.51447000000000287
2012-11-01,94.68143000000000598
2012-12-01,94.85192999999999586
2013-01-01,95.03207999999999345
2013-02-01,95.19959000000000060
2013-03-01,95.34902999999999906
2013-04-01,95.51202999999999577
2013-05-01,95.71390999999999849
2013-06-01,95.95833000000000368
2013-07-01,96.13137999999999295
2013-08-01,96.31813999999999965
2013-09-01,96.45023999999999376
2013-10-01,96.57829999999999870
2013-11-01,96.75348999999999933
2013-12-01,96.91764000000000578
2014-01-01,97.05360000000000298
2014-02-01,97.22531999999999641
2014-03-01,97.36853000000000691
2014-04-01,97.51819999999999311
2014-05-01,97.70129000000000019
2014-06-01,97.88728999999999303
2014-07-01,98.01108999999999583
2014-08-01,98.18014999999999759
2014-09-01,98.36968000000000245
2014-10-01,98.52701000000000420
2014-11-01,98.69961000000000695
2014-12-01,98.89584000000000685
2015-01-01,99.06907999999999959
2015-02-01,99.24407999999999674
2015-03-01,99.40658000000000527
2015-04-01,99.61726000000000170
2015-05-01,99.77657000000000664
2015-06-01,99.95678999999999803
2015-07-01,100.10790000000000077
2015-08-01,100.25629999999999598
2015-09-01,100.41750000000000398
2015-10-01,100.53300000000000125
2015-11-01,100.70300000000000296
2015-12-01,100.91190000000000282
2016-01-01,101.11020000000000607
2016-02-01,101.34300000000000352
2016-03-01,101.57099999999999795
2016-04-01,101.76250000000000284
2016-05-01,101.96420000000000528
2016-06-01,102.16630000000000678
2016-07-01,102.36289999999999623
2016-08-01,102.52469999999999573
2016-09-01,102.67749999999999488
2016-10-01,102.85200000000000387
2016-11-01,103.05289999999999395
2016-12-01,103.29319999999999879
2017-01-01,103.55490000000000350
2017-02-01,103.79850000000000421
2017-03-01,104.02360000000000184
2017-04-01,104.23250000000000171
2017-05-01,104.44960000000000377
2017-06-01,104.65779999999999461
2017-07-01,104.84969999999999857
2017-08-01,105.07019999999999982
2017-09-01,105.22369999999999379
2017-10-01,105.42789999999999395
2017-11-01,105.65940000000000509
2017-12-01,105.86709999999999354
2018-01-01,106.11320000000000618
2018-02-01,106.30929999999999325
2018-03-01,106.53799999999999670
2018-04-01,106.78310000000000457
2018-05-01,107.02559999999999718
2018-06-01,107.30259999999999820
2018-07-01,107.52809999999999491
2018-08-01,107.70480000000000587
2018-09-01,107.93989999999999441
2018-10-01,108.11090000000000089
2018-11-01,108.40009999999999479
2018-12-01,108.64549999999999841
2019-01-01,108.84040000000000248
2019-02-01,109.11199999999999477
2019-03-01,109.44100000000000250
2019-04-01,109.78660000000000707
2019-05-01,110.08620000000000516
2019-06-01,110.37220000000000653
2019-07-01,110.59459999999999980
2019-08-01,110.83650000000000091
2019-09-01,111.07170000000000698
2019-10-01,111.28079999999999927
2019-11-01,111.46330000000000382
2019-12-01,111.73820000000000618
2020-01-01,111.96089999999999520
2020-02-01,112.26569999999999538
2020-03-01,112.65720000000000312
2020-04-01,113.12850000000000250
2020-05-01,113.21659999999999968
2020-06-01,113.17470000000000141
2020-07-01,113.32630000000000337
2020-08-01,113.45099999999999341
2020-09-01,113.54879999999999995
2020-10-01,113.66849999999999454
2020-11-01,113.78640000000000043
2020-12-01,113.93149999999999977
2021-01-01,114.12260000000000559
2021-02-01,114.36879999999999313
2021-03-01,114.64679999999999893
2021-04-01,114.86390000000000100
2021-05-01,115.09850000000000136
2021-06-01,115.29989999999999384
2021-07-01,115.57659999999999911
2021-08-01,115.81799999999999784
2021-09-01,116.07170000000000698
2021-10-01,116.35519999999999641
2021-11-01,116.66589999999999350
2021-12-01,116.96339999999999293
2022-01-01,117.19310000000000116
2022-02-01,117.50990000000000180
2022-03-01,117.76309999999999434
2022-04-01,118.00320000000000675
2022-05-01,118.27719999999999345
2022-06-01,118.66379999999999484
2022-07-01,118.97830000000000439
2022-08-01,119.33389999999999986
2022-09-01,119.61960000000000548
2022-10-01,119.89039999999999964
2022-11-01,120.12050000000000693
2022-12-01,120.45069999999999766
2023-01-01,120.85630000000000450
2023-02-01,121.20619999999999550
2023-03-01,121.58459999999999468
2023-04-01,122.03549999999999898
2023-05-01,122.41530000000000200
2023-06-01,122.79649999999999466
2023-07-01,123.13580000000000325
2023-08-01,123.39230000000000587
2023-09-01,123.69819999999999993
2023-10-01,124.13079999999999359
2023-11-01,124.50740000000000407
2023-12-01,124.72119999999999607
2024-01-01,125.15349999999999397
2024-02-01,125.63750000000000284
2024-03-01,126.13030000000000541
2024-04-01,126.52349999999999852
2024-05-01,127.10349999999999682
2024-06-01,127.64719999999999800
2024-07-01,128.15690000000000737
